{"cameraMode":{"drawMode":0,"name":"Shaded","section":"Shading Mode"},"sceneLighting":true,"audioPlay":false,"sceneViewState":{"m_AlwaysRefresh":false,"showFog":true,"showSkybox":true,"showFlares":true,"showImageEffects":true,"showParticleSystems":true,"showVisualEffectGraphs":true,"m_FxEnabled":true},"in2DMode":false,"pivot":{"x":-0.3562464714050293,"y":1.0381977558135987,"z":14.39737319946289},"rotation":{"x":0.15116633474826814,"y":-0.6137426495552063,"z":0.12121991068124771,"w":0.7653607130050659},"size":1.3567478656768799,"orthographic":false}